{
  "default": {
    "processed_at": "2025-11-30T03:54:39.351484",
    "total_users": 73214,
    "mean_income": 70330.15814680251
  }
}